layer,unit,description
head,0,carp
head,1,fishes
head,2,underwater
head,3,underwater
head,4,underwater
head,5,underwater
head,6,underwater
head,7,chickens
head,8,chickens
head,9,emu
head,10,birding
head,11,birding
head,12,sparrow
head,13,sparrow
head,14,birding
head,15,birding
head,16,bird
head,17,bird
head,18,bird
head,19,birding
head,20,juvenile
head,21,hawk
head,22,eagle
head,23,eagle
head,24,owl
head,25,granite
head,26,sediment
head,27,leaf
head,28,leaf
head,29,resin
head,30,algae
head,31,leaf
head,32,soil
head,33,sediments
head,34,sand
head,35,sediment
head,36,granite
head,37,sediments
head,38,granite
head,39,texture
head,40,leaf
head,41,aggregate
head,42,granite
head,43,leaf
head,44,aggregate
head,45,hoodia
head,46,leaf
head,47,leaf
head,48,scales
head,49,wetland
head,50,wetland
head,51,museum
head,52,texture
head,53,texture
head,54,texture
head,55,fireplace
head,56,scales
head,57,texture
head,58,texture
head,59,leaf
head,60,scales
head,61,scales
head,62,python
head,63,scales
head,64,scales
head,65,aquaculture
head,66,scales
head,67,scales
head,68,scales
head,69,limestone
head,70,leaf
head,71,granite
head,72,webs
head,73,web
head,74,webs
head,75,marble
head,76,soil
head,77,webs
head,78,melanoma
head,79,limestone
head,80,birding
head,81,juvenile
head,82,juvenile
head,83,juvenile
head,84,peacock
head,85,juvenile
head,86,juvenile
head,87,parrot
head,88,parrot
head,89,parrot
head,90,parrot
head,91,juvenile
head,92,bird
head,93,bird
head,94,hummer
head,95,female
head,96,parrot
head,97,duck
head,98,duck
head,99,goose
head,100,swan
head,101,elephants
head,102,hoodia
head,103,otter
head,104,sheep
head,105,vegetation
head,106,emule
head,107,resin
head,108,crystals
head,109,coral
head,110,sediments
head,111,collagen
head,112,geological
head,113,spiral
head,114,granite
head,115,carcinoma
head,116,sediments
head,117,spiral
head,118,culinary
head,119,granite
head,120,aggregate
head,121,seafood
head,122,seafood
head,123,seafood
head,124,cooking
head,125,sediments
head,126,quartz
head,127,ibis
head,128,ibis
head,129,ibis
head,130,flamingo
head,131,crane
head,132,ibis
head,133,birding
head,134,crane
head,135,birding
head,136,bird
head,137,ducks
head,138,namibia
head,139,gull
head,140,birding
head,141,birding
head,142,birding
head,143,gull
head,144,pelican
head,145,antarctic
head,146,gull
head,147,sea
head,148,dolphins
head,149,underwater
head,150,seals
head,151,basename
head,152,dog
head,153,maltese
head,154,puppy
head,155,maltese
head,156,cavalier
head,157,terrier
head,158,basename
head,159,bloodhound
head,160,dogs
head,161,hound
head,162,basename
head,163,bloodhound
head,164,dogs
head,165,bloodhound
head,166,hound
head,167,basename
head,168,bloodhound
head,169,greyhound
head,170,dogs
head,171,basename
head,172,greyhound
head,173,basename
head,174,huskies
head,175,terrier
head,176,greyhound
head,177,greyhound
head,178,dogs
head,179,pitbull
head,180,pitbull
head,181,sheep
head,182,terrier
head,183,terrier
head,184,terrier
head,185,terrier
head,186,terrier
head,187,terrier
head,188,terrier
head,189,terrier
head,190,terrier
head,191,dog
head,192,terrier
head,193,terrier
head,194,terrier
head,195,basename
head,196,terrier
head,197,dogs
head,198,terrier
head,199,terrier
head,200,maltese
head,201,terrier
head,202,terrier
head,203,terrier
head,204,maltese
head,205,retriever
head,206,retriever
head,207,retriever
head,208,labrador
head,209,retriever
head,210,hound
head,211,bloodhound
head,212,retrieving
head,213,retriever
head,214,dogs
head,215,fostering
head,216,dogs
head,217,puppy
head,218,basename
head,219,puppy
head,220,dogs
head,221,grooming
head,222,sheep
head,223,fostering
head,224,retrieving
head,225,canine
head,226,terrier
head,227,dogs
head,228,sheep
head,229,terrier
head,230,dogs
head,231,deg
head,232,deg
head,233,dogs
head,234,bloodhound
head,235,dogs
head,236,bloodhound
head,237,basename
head,238,dogs
head,239,dogs
head,240,dogs
head,241,dogs
head,242,boxer
head,243,bloodhound
head,244,puppy
head,245,bulldog
head,246,hound
head,247,puppy
head,248,huskies
head,249,huskies
head,250,huskies
head,251,spots
head,252,terrier
head,253,basename
head,254,edgar
head,255,bloodhound
head,256,retriever
head,257,sheep
head,258,husky
head,259,puppy
head,260,fluffy
head,261,dog
head,262,terrier
head,263,basename
head,264,basename
head,265,maltese
head,266,maltese
head,267,puppy
head,268,basename
head,269,wolves
head,270,shepherd
head,271,firefox
head,272,coyote
head,273,basename
head,274,basename
head,275,safaris
head,276,pasture
head,277,firefox
head,278,kitten
head,279,svalbard
head,280,cat
head,281,cat
head,282,worldcat
head,283,cat
head,284,worldcat
head,285,cat
head,286,cat
head,287,cat
head,288,leopard
head,289,lynx
head,290,tiger
head,291,pasture
head,292,tiger
head,293,pasture
head,294,yellowstone
head,295,forestry
head,296,svalbard
head,297,bamboo
head,298,grass
head,299,hoodia
head,300,limestone
head,301,leaf
head,302,leaf
head,303,leaf
head,304,leaf
head,305,soil
head,306,granite
head,307,leaf
head,308,leaf
head,309,bee
head,310,leaf
head,311,leaf
head,312,leaf
head,313,leaf
head,314,granite
head,315,leaf
head,316,leaf
head,317,leaf
head,318,leaf
head,319,leaf
head,320,leaf
head,321,leaf
head,322,leaf
head,323,flower
head,324,leaf
head,325,leaf
head,326,leaf
head,327,sediments
head,328,membranes
head,329,granite
head,330,squirrel
head,331,rabbit
head,332,cat
head,333,worldcat
head,334,fibers
head,335,bark
head,336,habitat
head,337,beavers
head,338,guinea
head,339,horse
head,340,zebra
head,341,livestock
head,342,pasture
head,343,pasture
head,344,wetland
head,345,bovine
head,346,cows
head,347,pasture
head,348,sheep
head,349,sheep
head,350,sheep
head,351,pasture
head,352,pasture
head,353,pasture
head,354,namibia
head,355,sheep
head,356,worldcat
head,357,cat
head,358,worldcat
head,359,cats
head,360,otter
head,361,cats
head,362,grass
head,363,texture
head,364,rainforest
head,365,rainforest
head,366,highways
head,367,gorilla
head,368,fur
head,369,animalsex
head,370,wildlife
head,371,wildlife
head,372,safaris
head,373,monkeys
head,374,wildlife
head,375,branches
head,376,squirrel
head,377,pets
head,378,rainforest
head,379,branches
head,380,fostering
head,381,wildlife
head,382,parrot
head,383,cat
head,384,fauna
head,385,elephants
head,386,elephants
head,387,firefox
head,388,vegetation
head,389,aquaculture
head,390,fish
head,391,aquaculture
head,392,fishes
head,393,fishes
head,394,aquaculture
head,395,aquaculture
head,396,underwater
head,397,aquaculture
head,398,backgammon
head,399,garments
head,400,commencement
head,401,musicians
head,402,acoustic
head,403,tomcat
head,404,airfares
head,405,skyline
head,406,altar
head,407,taxis
head,408,ferries
head,409,clock
head,410,bees
head,411,cooking
head,412,bin
head,413,firearms
head,414,purse
head,415,bakery
head,416,gymnastics
head,417,balloons
head,418,stationery
head,419,toddler
head,420,musicians
head,421,stairs
head,422,gyms
head,423,salon
head,424,salon
head,425,barn
head,426,kitchen
head,427,winery
head,428,planting
head,429,baseball
head,430,basketball
head,431,infant
head,432,musicians
head,433,swimming
head,434,towels
head,435,bathroom
head,436,hatchback
head,437,lighthouse
head,438,laboratory
head,439,tourists
head,440,beer
head,441,beer
head,442,tower
head,443,dotted
head,444,bicycles
head,445,swimwear
head,446,notebooks
head,447,telescopes
head,448,nest
head,449,cabins
head,450,snowmobile
head,451,pendants
head,452,crochet
head,453,bookshelf
head,454,bookshop
head,455,bottled
head,456,archery
head,457,ties
head,458,monument
head,459,lingerie
head,460,waterfront
head,461,zipper
head,462,sweeping
head,463,bucket
head,464,leather
head,465,uniforms
head,466,platforms
head,467,butcher
head,468,taxis
head,469,cookware
head,470,candles
head,471,cannon
head,472,canoeing
head,473,cooking
head,474,knit
head,475,driving
head,476,carnival
head,477,toolkit
head,478,boxes
head,479,hatchback
head,480,entrance
head,481,manuals
head,482,dashboard
head,483,castles
head,484,sailing
head,485,technics
head,486,musicians
head,487,phonephone
head,488,chain
head,489,fence
head,490,textile
head,491,logger
head,492,dresser
head,493,dresser
head,494,bell
head,495,cabinets
head,496,christmas
head,497,church
head,498,auditorium
head,499,cooking
head,500,caves
head,501,hooded
head,502,shoes
head,503,glassware
head,504,coffee
head,505,kettle
head,506,spiral
head,507,locker
head,508,workstations
head,509,shops
head,510,ferries
head,511,convertible
head,512,wine
head,513,musicians
head,514,shoes
head,515,hats
head,516,nursery
head,517,construction
head,518,motorcycle
head,519,boxes
head,520,nursery
head,521,kitchen
head,522,putting
head,523,strollers
head,524,zipper
head,525,dams
head,526,bureau
head,527,workstations
head,528,phonephone
head,529,infant
head,530,terminals
head,531,belts
head,532,furnished
head,533,crochet
head,534,dishwasher
head,535,motorcycle
head,536,harbor
head,537,snowboarding
head,538,dome
head,539,flooring
head,540,drilling
head,541,drums
head,542,drummer
head,543,gyms
head,544,cooking
head,545,attic
head,546,guitars
head,547,trains
head,548,furnished
head,549,textile
head,550,kitchen
head,551,makeup
head,552,feathers
head,553,bureau
head,554,ferries
head,555,firefighters
head,556,fireplace
head,557,courthouse
head,558,musicians
head,559,chairs
head,560,helmets
head,561,warehousing
head,562,fountains
head,563,handwriting
head,564,bedrooms
head,565,trains
head,566,musicians
head,567,cookware
head,568,fur
head,569,trucks
head,570,chef
head,571,kiosk
head,572,glassware
head,573,kart
head,574,golf
head,575,golf
head,576,venice
head,577,cookware
head,578,gown
head,579,conservatory
head,580,greenhouse
head,581,automotive
head,582,marketplace
head,583,upstairs
head,584,bracelet
head,585,backstage
head,586,vehicles
head,587,woodworking
head,588,wicker
head,589,bathroom
head,590,pocketpc
head,591,textile
head,592,proliant
head,593,youngest
head,594,upstairs
head,595,agriculture
head,596,wood
head,597,leather
head,598,furnished
head,599,lattice
head,600,handle
head,601,gown
head,602,playground
head,603,carriage
head,604,glassware
head,605,imac
head,606,ironing
head,607,carving
head,608,jeans
head,609,jeep
head,610,shirt
head,611,paintings
head,612,street
head,613,cockpit
head,614,geisha
head,615,dotted
head,616,rope
head,617,culinary
head,618,cookware
head,619,lamps
head,620,laptops
head,621,lawn
head,622,microphone
head,623,stationery
head,624,library
head,625,ferries
head,626,resistor
head,627,limousine
head,628,cruises
head,629,makeup
head,630,shoes
head,631,bottles
head,632,dotted
head,633,concentrating
head,634,shed
head,635,subchapter
head,636,handbag
head,637,mailbox
head,638,swimwear
head,639,swimwear
head,640,pavement
head,641,toddler
head,642,social
head,643,mask
head,644,lattice
head,645,swings
head,646,maze
head,647,baking
head,648,bathroom
head,649,stone
head,650,microphone
head,651,kitchens
head,652,enlisted
head,653,cookware
head,654,buses
head,655,pantyhose
head,656,hatchback
head,657,aircraft
head,658,knit
head,659,baking
head,660,cottages
head,661,automobile
head,662,powerpc
head,663,monastery
head,664,monitors
head,665,motorcycle
head,666,kitchen
head,667,commencement
head,668,mosque
head,669,curtain
head,670,motorcycle
head,671,biking
head,672,tents
head,673,desk
head,674,toolbox
head,675,street
head,676,horse
head,677,corrosion
head,678,nurses
head,679,gemstones
head,680,breastfeeding
head,681,laptops
head,682,boulevard
head,683,musicians
head,684,drinking
head,685,cockpit
head,686,cylinder
head,687,organ
head,688,laboratory
head,689,gown
head,690,bovine
head,691,pilots
head,692,foil
head,693,canoeing
head,694,ferries
head,695,corrosion
head,696,painter
head,697,grandchildren
head,698,palace
head,699,musicians
head,700,towels
head,701,airborne
head,702,gyms
head,703,benches
head,704,street
head,705,buses
head,706,patio
head,707,kiosk
head,708,pedestal
head,709,dotted
head,710,silicone
head,711,perfumes
head,712,microbiology
head,713,bureau
head,714,guitarist
head,715,engraving
head,716,fence
head,717,vehicle
head,718,bridge
head,719,toddler
head,720,bottled
head,721,cushions
head,722,pong
head,723,wavelength
head,724,sailing
head,725,vase
head,726,woodworking
head,727,observatory
head,728,bags
head,729,kitchen
head,730,irrigation
head,731,plumbing
head,732,camcorders
head,733,street
head,734,taxis
head,735,textile
head,736,billiards
head,737,bottled
head,738,plant
head,739,kitchens
head,740,plumbers
head,741,carpets
head,742,workstations
head,743,corridor
head,744,aircraft
head,745,classroom
head,746,hockey
head,747,boxing
head,748,purse
head,749,scrapbooking
head,750,quilts
head,751,racing
head,752,badminton
head,753,radiator
head,754,workstations
head,755,telescopes
head,756,stormwater
head,757,cabin
head,758,ropes
head,759,camcorder
head,760,refrigerator
head,761,couch
head,762,restaurant
head,763,firearms
head,764,firearms
head,765,chairs
head,766,ovens
head,767,stationery
head,768,baking
head,769,stationery
head,770,shoes
head,771,locker
head,772,campus
head,773,vases
head,774,shoes
head,775,textile
head,776,musicians
head,777,scrolls
head,778,cookware
head,779,buses
head,780,sailing
head,781,stadium
head,782,monitors
head,783,screws
head,784,plumbing
head,785,driving
head,786,classroom
head,787,motif
head,788,boutique
head,789,room
head,790,wicker
head,791,trolley
head,792,snow
head,793,wrapper
head,794,bathroom
head,795,skiing
head,796,knit
head,797,bedrooms
head,798,notebooks
head,799,doors
head,800,casinos
head,801,snorkeling
head,802,snowmobile
head,803,snow
head,804,sinks
head,805,soccer
head,806,knitting
head,807,stadium
head,808,hats
head,809,dinnerware
head,810,powerbook
head,811,radiator
head,812,aircraft
head,813,cooking
head,814,watersports
head,815,webs
head,816,yarn
head,817,automotive
head,818,lights
head,819,venue
head,820,railways
head,821,bridge
head,822,chefs
head,823,pediatric
head,824,textile
head,825,limestone
head,826,binoculars
head,827,stoves
head,828,grille
head,829,buses
head,830,hospitals
head,831,bedrooms
head,832,temple
head,833,uss
head,834,suit
head,835,gardens
head,836,sunglasses
head,837,sunglasses
head,838,melanoma
head,839,bridge
head,840,housewife
head,841,sweatshirts
head,842,swimwear
head,843,playground
head,844,bathroom
head,845,proactive
head,846,lamps
head,847,deployment
head,848,workstations
head,849,kettle
head,850,crochet
head,851,televisions
head,852,tennis
head,853,cottages
head,854,auditorium
head,855,dotted
head,856,machinery
head,857,salon
head,858,roofing
head,859,kitchen
head,860,shops
head,861,toilet
head,862,organisers
head,863,sculptures
head,864,towing
head,865,nursery
head,866,tractors
head,867,trucking
head,868,tile
head,869,jacket
head,870,bike
head,871,sailing
head,872,camcorders
head,873,entrance
head,874,buses
head,875,musicians
head,876,jacuzzi
head,877,terminals
head,878,keyboard
head,879,umbrella
head,880,bmx
head,881,interiors
head,882,housekeeping
head,883,vase
head,884,crypt
head,885,textile
head,886,kiosk
head,887,garments
head,888,bridge
head,889,musicians
head,890,volleyball
head,891,breakfasts
head,892,decor
head,893,wallet
head,894,closet
head,895,aircraft
head,896,sinks
head,897,laundry
head,898,bottle
head,899,pitcher
head,900,tower
head,901,bottle
head,902,drinking
head,903,hair
head,904,blinds
head,905,blinds
head,906,ties
head,907,wines
head,908,aviation
head,909,cooking
head,910,cooking
head,911,wool
head,912,fence
head,913,harbour
head,914,sailing
head,915,tent
head,916,spreadsheet
head,917,bookstore
head,918,checker
head,919,sign
head,920,intersection
head,921,hardcover
head,922,menus
head,923,australasia
head,924,cooking
head,925,soup
head,926,cooking
head,927,desserts
head,928,desserts
head,929,grandchildren
head,930,bread
head,931,bakery
head,932,bakery
head,933,burgers
head,934,food
head,935,recipe
head,936,lettuce
head,937,broccoli
head,938,cabbage
head,939,vegetables
head,940,squash
head,941,squash
head,942,squash
head,943,vegetables
head,944,cabbage
head,945,tomatoes
head,946,plants
head,947,mushrooms
head,948,apples
head,949,strawberry
head,950,fruits
head,951,lemon
head,952,fruit
head,953,pineapple
head,954,fruits
head,955,fruit
head,956,fruit
head,957,fruits
head,958,hay
head,959,pasta
head,960,recipe
head,961,dough
head,962,cookbooks
head,963,pizza
head,964,recipe
head,965,culinary
head,966,wines
head,967,coffee
head,968,tableware
head,969,recipe
head,970,alps
head,971,bubbles
head,972,geological
head,973,micronesia
head,974,yellowstone
head,975,lakeside
head,976,coastline
head,977,beach
head,978,beach
head,979,valley
head,980,volcano
head,981,baseball
head,982,wedding
head,983,underwater
head,984,fields
head,985,flowers
head,986,plants
head,987,maize
head,988,leaf
head,989,fruit
head,990,leaves
head,991,carbonate
head,992,leaf
head,993,sediments
head,994,eggs
head,995,flowers
head,996,mushrooms
head,997,fungi
head,998,wheat
head,999,toilet
